<?xml version="1.0" encoding="UTF-8"?>
<!-- Foundation -->
<window type="dialog" id="1141">
    <defaultcontrol always="true">9000</defaultcontrol>
    <onunload condition="!String.IsEmpty(Window(Home).Property(RunWizardHub))">ActivateWindow(1142)</onunload>
    <!-- <onunload>AlarmClock(reloadskin,ReloadSkin(),00:00,silent,false)</onunload> -->
    <controls>
        <include>Global_Overlay</include>
        <control type="group">
            <include content="Dialog_Standard_Group">
                <param name="width" value="1800" />
                <param name="height" value="846" />
            </include>
      			
			<control type="label">
                <description>Header Label</description>
                <label>[CAPITALIZE]Estilo de Inicio de Destacados[/CAPITALIZE]</label>
                <include>Dialog_Standard_Header</include>
            </control>			
            <!-- Image -->
            <control type="group">
                <left>20</left>
                <width>1060</width>
                <top>100</top>
                <height>600</height>
                <control type="image">
                    <aspectratio scalediffuse="false">keep</aspectratio>
                    <texture background="true" fallback="special://skin/fanart.jpg" diffuse="diffuse/1117.png">$INFO[Window.Property(Image_Preview)]</texture>
                </control>
								
                <control type="grouplist" id="9000">
                <description>Control Area</description>
                <right>-700</right>
                <width>680</width>
                <top>-20</top>
                <height>756</height>
                <itemgap>10</itemgap>
                <orientation>vertical</orientation>
                <pagecontrol>60</pagecontrol>
                <usecontrolcoords>true</usecontrolcoords>
				<control type="radiobutton" id="9008" description="Descripcion">
				 <label>[COLOR steelblue][B]Estilo Destacados PELICULAS[/B][/COLOR]</label>				 
                  <right>15</right>        				
			    </control>
                       <control type="radiobutton" id="9001" description="Enable Fullscreen Spotlight">
                            <include>Dialog_Standard_ListButton</include>
                            <radioposx>630</radioposx>
                            <label>$LOCALIZE[31612]</label>
                            <selected>Skin.HasSetting(EnableFullSpotlight)</selected>
                            <onclick condition="Skin.HasSetting(EnableMultiWidgetSpotlight)">Skin.ToggleSetting(EnableMultiWidgetSpotlight)</onclick>
                            <onclick condition="!Skin.HasSetting(EnableWidgetSpotlight)">Skin.ToggleSetting(EnableWidgetSpotlight)</onclick>
                            <onclick condition="!Skin.HasSetting(EnableFullSpotlight)">Skin.ToggleSetting(EnableFullSpotlight)</onclick>
                            <onfocus>SetProperty(Image_Preview,special://skin/extras/backgrounds/viewmodes/spotlight_full.jpg)</onfocus>
                        </control>       

                        <control type="radiobutton" id="9002" description="Enable Widget Spotlight">
                            <include>Dialog_Standard_ListButton</include>
                            <radioposx>630</radioposx>
                            <label>$LOCALIZE[31614]</label>
                            <selected>!Skin.HasSetting(EnableWidgetSpotlight)</selected>
                            <onclick condition="Skin.HasSetting(EnableMultiWidgetSpotlight)">Skin.ToggleSetting(EnableMultiWidgetSpotlight)</onclick>
                            <onclick condition="Skin.HasSetting(EnableFullSpotlight)">Skin.ToggleSetting(EnableFullSpotlight)</onclick>
                            <onclick condition="Skin.HasSetting(EnableWidgetSpotlight)">Skin.ToggleSetting(EnableWidgetSpotlight)</onclick>
                            <onfocus>SetProperty(Image_Preview,special://skin/extras/backgrounds/viewmodes/spotlight_widget.jpg)</onfocus>
                        </control>
						
                        <control type="radiobutton" id="9003" description="Enable Widget Spotlight">
                            <include>Dialog_Standard_ListButton</include>
                            <radioposx>630</radioposx>
                            <label>$LOCALIZE[31615]</label>
                            <selected>Skin.HasSetting(EnableMultiWidgetSpotlight)</selected>
                            <onclick condition="Skin.HasSetting(EnableFullSpotlight)">Skin.ToggleSetting(EnableFullSpotlight)</onclick>
                            <onclick condition="!Skin.HasSetting(EnableWidgetSpotlight)">Skin.ToggleSetting(EnableWidgetSpotlight)</onclick>
                            <onclick condition="!Skin.HasSetting(EnableMultiWidgetSpotlight)">Skin.ToggleSetting(EnableMultiWidgetSpotlight)</onclick>
                            <onfocus>SetProperty(Image_Preview,special://skin/extras/backgrounds/viewmodes/spotlight_multiwidget.jpg)</onfocus>
                        </control>
						
						<control type="radiobutton" id="9009" description="Descripcion">
				 <right>2</right>
                        <label>[COLOR steelblue][B]Estilo Destacados SERIES[/B][/COLOR]</label>
			    </control>
				<control type="radiobutton" id="9004" description="Enable Fullscreen Spotlight">
                            <include>Dialog_Standard_ListButton</include>
                            <radioposx>630</radioposx>
                            <label>$LOCALIZE[31612]</label>
                            <selected>Skin.HasSetting(EnableTVFullSpotlight)</selected>
                            <onclick condition="Skin.HasSetting(EnableTVMultiWidgetSpotlight)">Skin.ToggleSetting(EnableTVMultiWidgetSpotlight)</onclick>
                            <onclick condition="!Skin.HasSetting(EnableTVWidgetSpotlight)">Skin.ToggleSetting(EnableTVWidgetSpotlight)</onclick>
                            <onclick condition="!Skin.HasSetting(EnableTVFullSpotlight)">Skin.ToggleSetting(EnableTVFullSpotlight)</onclick>
                            <onfocus>SetProperty(Image_Preview,special://skin/extras/backgrounds/viewmodes/spotlight_full.jpg)</onfocus>                            
                        </control>                        
                        <control type="radiobutton" id="9005" description="Enable Widget Spotlight">
                            <include>Dialog_Standard_ListButton</include>
                            <radioposx>630</radioposx>
                            <label>$LOCALIZE[31614]</label>
                            <selected>!Skin.HasSetting(EnableTVWidgetSpotlight)</selected>
                            <onclick condition="Skin.HasSetting(EnableTVMultiWidgetSpotlight)">Skin.ToggleSetting(EnableTVMultiWidgetSpotlight)</onclick>
                            <onclick condition="Skin.HasSetting(EnableTVFullSpotlight)">Skin.ToggleSetting(EnableTVFullSpotlight)</onclick>
                            <onclick condition="Skin.HasSetting(EnableTVWidgetSpotlight)">Skin.ToggleSetting(EnableTVWidgetSpotlight)</onclick>
                            <onfocus>SetProperty(Image_Preview,special://skin/extras/backgrounds/viewmodes/spotlight_widget.jpg)</onfocus>                            
                        </control>
                        <control type="radiobutton" id="9006" description="Enable Widget Spotlight">
                            <include>Dialog_Standard_ListButton</include>
                            <radioposx>630</radioposx>
                            <label>$LOCALIZE[31615]</label>
                            <selected>Skin.HasSetting(EnableTVMultiWidgetSpotlight)</selected>
                            <onclick condition="Skin.HasSetting(EnableTVFullSpotlight)">Skin.ToggleSetting(EnableTVFullSpotlight)</onclick>
                            <onclick condition="!Skin.HasSetting(EnableTVWidgetSpotlight)">Skin.ToggleSetting(EnableTVWidgetSpotlight)</onclick>
                            <onclick condition="!Skin.HasSetting(EnableTVMultiWidgetSpotlight)">Skin.ToggleSetting(EnableTVMultiWidgetSpotlight)</onclick>
                            <onfocus>SetProperty(Image_Preview,special://skin/extras/backgrounds/viewmodes/spotlight_multiwidget.jpg)</onfocus>                           
                        </control>
                    	<control type="button" id="9007" description="Continuar">
                            <include>Dialog_Standard_ListButton</include>
							 <label>Finalizar</label>
                            <onfocus>SetProperty(Image_Preview,special://skin/extras/backgrounds/viewmodes/persmen.jpg)</onfocus>
                            <onclick condition="String.IsEmpty(Window(Home).Property(RunWizard))">ReloadSkin()</onclick>
                            <onclick condition="!String.IsEmpty(Window(Home).Property(RunWizard))">ReloadSkin()</onclick>
                            <onclick condition="!String.IsEmpty(Window(Home).Property(RunWizard))">Close</onclick>
                        </control>	
				        <control type="button" id="9010" description="Finalizar">
                            <include>Dialog_Standard_ListButton</include>
							<label align="center">Continuar</label>
                            <onclick condition="String.IsEmpty(Window(Home).Property(RunWizard))">ReloadSkin()</onclick>
                            <onclick condition="!String.IsEmpty(Window(Home).Property(RunWizard))">Close</onclick>
                            <onclick condition="!String.IsEmpty(Window(Home).Property(RunWizard))">ReplaceWindow(1129)</onclick>
                            <onfocus>SetProperty(Image_Preview,special://skin/extras/backgrounds/viewmodes/vdestacados.jpg)</onfocus>
                       </control>	
			 </control>					
           </control>
        </control>
    </controls>
</window>
