<?xml version="1.0" encoding="UTF-8"?>
<!-- Foundation -->
<window type="dialog" id="1129">
    <defaultcontrol always="true">8000</defaultcontrol>
    <onunload condition="!String.IsEmpty(Window(Home).Property(RunWizardHub))">SetProperty(RunWizardFinished,1,Home)</onunload>
    <!-- <onunload>AlarmClock(reloadskin,ReloadSkin(),00:00,silent,false)</onunload> -->
    <controls>
        <include>Global_Overlay</include>
        <control type="group">
            <include content="Dialog_Standard_Group">
                <param name="width" value="1800" />
                <param name="height" value="726" />
            </include>
			
			<control type="label">
                <description>Header Label</description>
                <label>[CAPITALIZE]Personalizar MENU de Inicio[/CAPITALIZE]</label>
                <include>Dialog_Standard_Header</include>
            </control>
            <!-- Image -->
            <control type="group">
                <left>20</left>
                <width>1060</width>
                <top>100</top>
                <height>600</height>
                <control type="image">
                    <aspectratio scalediffuse="false">keep</aspectratio>
                    <texture background="true" fallback="special://skin/fanart.jpg" diffuse="diffuse/1117.png">$INFO[Window.Property(Image_Preview)]</texture>
                </control>
                <control type="image">
                    <aspectratio scalediffuse="false">center</aspectratio>
                    <visible>[Control.HasFocus(8001) + !String.Contains(Control.GetLabel(9001),*)] | [Control.HasFocus(9002) + !String.Contains(Control.GetLabel(9002),*)] | [Control.HasFocus(9003) + !String.Contains(Control.GetLabel(9003),*)] | [Control.HasFocus(9004) + !String.Contains(Control.GetLabel(9004),*)] | [Control.HasFocus(9005) + !String.Contains(Control.GetLabel(9005),*)] | [Control.HasFocus(9006) + !String.Contains(Control.GetLabel(9006),*)] | [Control.HasFocus(9007) + !String.Contains(Control.GetLabel(9007),*)] | [Control.HasFocus(9008) + !String.Contains(Control.GetLabel(9008),*)] | [Control.HasFocus(9009) + !String.Contains(Control.GetLabel(9009),*)] | [Control.HasFocus(9010) + !String.Contains(Control.GetLabel(9010),*)]</visible>
                </control>
            </control>

            <control type="grouplist" id="8000">
                <description>Control Area</description>
                <right>20</right>
                <width>680</width>
                <top>100</top>
                <height>600</height>
                <itemgap>10</itemgap>
                <orientation>vertical</orientation>
                <pagecontrol>60</pagecontrol>
                <usecontrolcoords>true</usecontrolcoords>
						<control type="radiobutton" id="9001" description="Personalizar Menu de Inicio">
                            <include>Dialog_Standard_ListButton</include>
                            <radioposx>630</radioposx>
                            <label>Personalizar Menu de Inicio</label>
                            <onfocus>SetProperty(Image_Preview,special://skin/extras/backgrounds/viewmodes/permeini.jpg)</onfocus>
                            <onclick condition="String.IsEmpty(Window(Home).Property(RunWizard))">ReloadSkin()</onclick>
                            <onclick condition="!String.IsEmpty(Window(Home).Property(RunWizard))">Close</onclick>
                            <onclick condition="!String.IsEmpty(Window(Home).Property(RunWizard))">RunScript(script.skinshortcuts,type=manage&amp;group=mainmenu)</onclick>
                       </control>
					   <control type="button" id="9002" description="Continuar">
                            <include>Dialog_Standard_ListButton</include>
							<label>Finalizar</label>
                            <onfocus>SetProperty(Image_Preview,special://skin/extras/backgrounds/viewmodes/persmen.jpg)</onfocus>
                            <onclick condition="String.IsEmpty(Window(Home).Property(RunWizard))">ReloadSkin()</onclick>
                            <onclick condition="!String.IsEmpty(Window(Home).Property(RunWizard))">ReloadSkin()</onclick>
                            <onclick condition="!String.IsEmpty(Window(Home).Property(RunWizard))">Close</onclick>
                        </control>	
                       <control type="button" id="9003" description="Personalizar Menu de Incio">
                            <include>Dialog_Standard_ListButton</include>
                            <label align="center">Continuar</label>
                            <onclick condition="String.IsEmpty(Window(Home).Property(RunWizard))">ReloadSkin()</onclick>
                            <onclick condition="!String.IsEmpty(Window(Home).Property(RunWizard))">Close</onclick>
                            <onclick condition="!String.IsEmpty(Window(Home).Property(RunWizard))">ReplaceWindow(1142)</onclick>
                            <onfocus>SetProperty(Image_Preview,special://skin/extras/backgrounds/viewmodes/vdestacados.jpg)</onfocus>
                       </control>
					   <control type="label" id="9004" description="Descripcion">
							<top>180</top>
							<width>680</width>
							<scroll>false</scroll>
							<wrapmultiline>true</wrapmultiline>		
							<label>[COLOR dodgerblue][B]ATENCION!![/B][/COLOR]
• Si no quieres Personalizar Menu de Inicio, pulsa en Finalizar, se guardarán los cambios y se recargará el SKIN. 
Si vas a Personalizar el Menu de Inicio, cuando finalices, pulse ATRAS para poder acabar, espere que se recargue el SKIN para que los cambios se apliquen.
Si pulsas en Personalizar Menu de Inicio y no haces cambios ninguno, al volver atrás, pulsa Recargar SKIN desde Ajustes.</label>
					   </control>

           </control>
        </control>
    </controls>
</window>
