{
  "id": "cuevana3mu",
  "name": "Cuevana3Mu",
  "thumbnail": "cuevana3mu.jpg",

  "active": false,

  "searchable": true,
  "search_types": ["all", "movie", "tvshow"],

  "categories": ["movie", "tvshow"],
  "language": ["lat", "cast", "vose"],

  "clusters": ["temporary", "suggested", "languages", "years", "kids", "docs", "vos"],

  "notes": "Películas por idiomas, géneros. También series por Géneros. Puede requerir el uso de proxies en función del país/operadora desde el que se accede."
}
