{
    "addon_version": "4.0.01",
    "files": {
        "channels": [
            "allpeliculasse",
            "cuevana3lw",
            "dontorrentsin",
            "doramasmp4vin",
            "frozenlayer",
            "pandrama",
            "seriespapayaxyz",
            "tiodonghua"
        ],
        "modules": [
            "actions",
            "filmaffinitylists",
            "generos",
            "groups",
            "mainmenu",
            "search",
            "submnuctext",
            "tmdblists"
        ],
        "root dir": [
            "dominios",
            "version"
        ]
    },
    "fix_version": 2,
    "hash": "27d0f5b457c0b19aa5a030f6dfb78e31"
}