{
    "addon_version": "4.0.04",
    "files": {
        "channels": [
            "areshd",
            "cine24h",
            "cinecalidad",
            "cinecalidadlol",
            "cinedeantes",
            "cuevana3lw",
            "cuevana3video",
            "divxtotal",
            "dontorrents",
            "dontorrentsin",
            "ennovelas",
            "ennovelasonline",
            "ennovelastv",
            "estrenosdoramas",
            "gnula",
            "grantorrent",
            "hdfull",
            "hdfullse",
            "henaojara",
            "jkanime",
            "latanime",
            "mejortorrentapp",
            "mejortorrentnz",
            "mundodonghua",
            "novelas24",
            "pandrama",
            "peliculaspro",
            "pelisforte",
            "pelismaraton",
            "pelispanda",
            "pelisplushd",
            "pelisxd",
            "plushd",
            "seodiv",
            "sigloxx",
            "sinpeli",
            "srnovelas",
            "tioanime",
            "tiodonghua",
            "tupeliculatv",
            "tupelihd",
            "tvseries",
            "zonaleros",
            "zoowomaniacos"
        ],
        "core": [
            "servertools"
        ],
        "modules": [
            "actions",
            "domains",
            "downloads",
            "filmaffinitylists",
            "groups",
            "helper",
            "submnuctext",
            "submnuteam",
            "tester"
        ],
        "platformcode": [
            "platformtools"
        ],
        "root dir": [
            "dominios",
            "version"
        ],
        "servers": [
            "streamz",
            "uptobox",
            "various",
            "voe",
            "zplayer"
        ]
    },
    "fix_version": 13,
    "hash": "7db705fe6db2b6ba0358eb3af203e64c"
}