{
    "addon_version": "3.1.05",
    "files": {
        "channels": [
            "ennovelas",
            "ennovelasonline",
            "playdede",
            "playdo",
            "seriesturcas",
            "srnovelas",
            "telenovelas"
        ],
        "core": [
            "servertools"
        ],
        "platformcode": [
            "platformtools"
        ],
        "root dir": [
            "dominios",
            "version"
        ],
        "servers": [
            "clicknupload",
            "dailymotion",
            "doodstream",
            "various",
            "vidmoly"
        ]
    },
    "fix_version": 1,
    "hash": "65cd1305e55036217d92f34e3f7edd79"
}