{
    "addon_version": "3.0.4",
    "files": {
        "channels": [
            "cinecalidad",
            "cinecalidadla",
            "cinecalidadlol",
            "cinecalidadmx",
            "clasicotv",
            "cuevana3video",
            "ennovelas",
            "henaojara",
            "historiadeamortv",
            "mega1link",
            "pelis28",
            "pelispluslat",
            "seriesly",
            "srnovelas",
            "tekilaz",
            "torrentsdepeliculas",
            "trailers",
            "yespornplease",
            "zoowomaniacos"
        ],
        "core": [
            "proxytools",
            "servertools"
        ],
        "modules": [
            "groups",
            "helper",
            "mainmenu",
            "submnuctext",
            "submnuteam",
            "tester"
        ],
        "platformcode": [
            "updater"
        ],
        "root dir": [
            "dominios",
            "version"
        ],
        "servers": [
            "doodstream",
            "streamhide"
        ]
    },
    "fix_version": 6,
    "hash": "e41258b3f80c436e330e5dd39afae26b"
}