{
  "id": "repelishd",
  "name": "RePelisHd",
  "thumbnail": "repelishd.png",

  "active": true,

  "searchable": true,
  "search_types": ["all", "movie", "tvshow"],

  "categories": ["movie", "tvshow"],
  "language": ["cast", "lat", "vose"],

  "clusters": ["current", "notice", "languages", "rankings", "years", "lists", "producers", "kids", "docs", "vos", "anime"],

  "notes": "Películas por idioma, géneros y año. Series por Géneros. Puede requerir el uso de proxies en función del país/operadora desde el que se accede."

}
