<?xml version="1.0" encoding="UTF-8" standalone="yes"?>
<addon id="plugin.program.andtv-tvban" name="[B][COLOR limegreen]andtv[/COLOR][COLOR blueviolet]tvban[/COLOR][/B]" version="9.2.23" provider-name="[B][COLOR azure]andtv_tvban, JoseAnd[/COLOR][/B]">
	<requires>
    	<import addon="xbmc.python" version="3.0.0"/>
    	<import addon="script.module.requests" />
        <import addon="script.module.six" />
        <import addon="script.kodi.android.update" optional="true" version="1.1.7" />
	</requires>
	
	<extension point="xbmc.python.pluginsource" library="default.py">
    	<provides>executable</provides>
    </extension>
  
	<extension point="xbmc.service" library="startup.py" start="startup" />
  
	<extension point="xbmc.addon.metadata">
		<summary lang="es">[COLOR azure]andtv[/COLOR] [COLOR lime]tvban[/COLOR] tu Wizard para KODI 19, 20 !!</summary>
		
    	<description lang="es">
[COLOR lime][B]CREDITOS:[/COLOR][/B] 
[COLOR white][B]• Developers:[/B]      [COLOR gold]JoseAnd[/COLOR]
[COLOR white][B]• Testers:[/B]             [COLOR dodgerblue]andtv, [COLOR gold]tvban[/COLOR]
[COLOR white][B]• Telegram:[/B]         [COLOR lime]t.me/beelinkking[/COLOR]</description>
		<platform>all</platform>
		<reuselanguageinvoker>false</reuselanguageinvoker>
        <source>https://andtvban.github.io/andtv/</source>
		<news>
• [COLOR azure][B]plugin.program[/B][/COLOR] [COLOR limegreen][B]andtv[/B][/COLOR][COLOR blueviolet][B]tvban[/B][/COLOR]
• Para Kodi 19.0 Matrix - Kodi 20.0 Nexus

• 05/02/2023
- Inciada la compatibilidad con Kodi 20.0 Nexus
- Nuevo Instalador a la versión  5.2.23
- Añadido nuevos arreglos:
+ Limpieza de Miniaturas.
+ Color en Notificaciones.
</news>
	<assets>
	    <icon>icon.png</icon>
        <fanart>fanart.jpg</fanart>
	</assets>
    </extension>
</addon>
