<?xml version="1.0" encoding="UTF-8"?>
<window>
	<defaultcontrol always="true">50</defaultcontrol>
	<views>50</views>
	<menucontrol>9000</menucontrol>
	<include>View_ViewIDs</include>
	<controls>
		<include>Global_Background</include>
		<control type="group">
			<include>View_List_Default</include>
			<include content="Defs_PosterBack">
                 <param name="pad" value="-10" />
             </include>
            <include content="Object_BigPoster">
                <param name="discart" value="false" />
            </include>
		 </control>
        <include>Defs_Options_StandardButtons</include>
        <control type="button" id="8">
            <label>137</label>
            <include>Defs_Hidden_Button</include>
        </control>
        <control type="togglebutton" id="14">
            <label>$LOCALIZE[20367]: $LOCALIZE[16039]</label>
            <altlabel>$LOCALIZE[20367]: $LOCALIZE[16041]</altlabel>
            <usealttexture>System.Setting(hidewatched)</usealttexture>
            <description>Watched Unwatched</description>
            <include>Defs_Hidden_Button</include>
        </control>
        <control type="radiobutton" id="19">
            <description>Filter</description>
            <include>Defs_Hidden_Button</include>
        </control>
        <control type="button" id="20">
            <description>Library</description>
            <label>653</label>
            <include>Defs_Hidden_Button</include>
        </control>
    </controls>
</window>